{"cameraMode":{"drawMode":0,"name":"Shaded","section":"Shading Mode"},"sceneLighting":false,"audioPlay":false,"sceneViewState":{"m_AlwaysRefresh":false,"showFog":false,"showSkybox":false,"showFlares":false,"showImageEffects":false,"showParticleSystems":false,"showVisualEffectGraphs":true,"m_FxEnabled":true},"in2DMode":false,"pivot":{"x":-0.0018589496612548829,"y":1.0032126903533936,"z":0.025186121463775636},"rotation":{"x":-0.04878365993499756,"y":-0.8739446401596069,"z":0.08972906321287155,"w":-0.4751969277858734},"size":2.3021717071533205,"orthographic":false}